id,value,timestamp,userId
wabzy57tshac6xrp9b1gm5uo9ik1unfhmdmv,10000,2024-08-20T13:00:00.000Z,user_2mQ3Fl0N0I3UqBT9dQa8O9mxuIu
fswzdj12fyfhfvq79h7w0o7q24tgq0smm126,9940.472513897468,2024-08-20T14:00:00.000Z,user_2mQ3Fl0N0I3UqBT9dQa8O9mxuIu
s3eq7i7963mxxdiloj1o9wb6eq0mc1yoot8m,9971.041447495223,2024-08-20T15:00:00.000Z,user_2mQ3Fl0N0I3UqBT9dQa8O9mxuIu
5hmfty2h1ouz8g10u8pkkn58xm67i3m5chh2,9935.42677117812,2024-08-20T16:00:00.000Z,user_2mQ3Fl0N0I3UqBT9dQa8O9mxuIu
vp531hmzog5twnf342i27l0s0d8s2hxukne4,9951.612065876488,2024-08-20T17:00:00.000Z,user_2mQ3Fl0N0I3UqBT9dQa8O9mxuIu
kkbpmc7106bn26poy1q6gcimqvs1eov81jj2,9965.536014570022,2024-08-20T18:00:00.000Z,user_2mQ3Fl0N0I3UqBT9dQa8O9mxuIu
2xukeszzwh32rc6w3cffvhlodcyqn4wd6eu8,9932.29697717921,2024-08-20T19:00:00.000Z,user_2mQ3Fl0N0I3UqBT9dQa8O9mxuIu
zy6nw1736jziepaq3k1by5v9fux8n7iaroj5,9952.966117826201,2024-08-21T13:00:00.000Z,user_2mQ3Fl0N0I3UqBT9dQa8O9mxuIu
z76obm71vkb9z3t4x5yycdzaijjaa0p31zqc,9926.310878403296,2024-08-21T14:00:00.000Z,user_2mQ3Fl0N0I3UqBT9dQa8O9mxuIu
uh2rebvi818dm1ziyjhd8qm0bunusfs86cmy,9927.550190581609,2024-08-21T15:00:00.000Z,user_2mQ3Fl0N0I3UqBT9dQa8O9mxuIu
gu2xyn28apu5ua5tofanzylb4xlyqv1ebftf,9937.906692701614,2024-08-21T16:00:00.000Z,user_2mQ3Fl0N0I3UqBT9dQa8O9mxuIu
35nqceboe9k2ft8y6o4esup7t1w5q5al50ty,9956.796761001875,2024-08-21T17:00:00.000Z,user_2mQ3Fl0N0I3UqBT9dQa8O9mxuIu
8t89l33oj5jzcxzg6fq3dngd6zwx01tbhvxo,9957.286652376566,2024-08-21T18:00:00.000Z,user_2mQ3Fl0N0I3UqBT9dQa8O9mxuIu
odhcibhu5m0f8p5gsdtp6uze164hmwh3nngw,9965.523909086887,2024-08-21T19:00:00.000Z,user_2mQ3Fl0N0I3UqBT9dQa8O9mxuIu
s876acv9hdg9nyj46d405mniznnq5ur3hakv,10007.490745248026,2024-08-22T13:00:00.000Z,user_2mQ3Fl0N0I3UqBT9dQa8O9mxuIu
kopy4ofhw7gfoyix13dqlgluaxisrj74co42,9937.373316634299,2024-08-22T14:00:00.000Z,user_2mQ3Fl0N0I3UqBT9dQa8O9mxuIu
kvdxiit37q0szdzxxx0emm7cfz5bl6mnskyc,9827.361238592988,2024-08-22T15:00:00.000Z,user_2mQ3Fl0N0I3UqBT9dQa8O9mxuIu
cd7031w74jhvxo1oqkwc7zjswwbg9xk147oq,9840.057275330548,2024-08-22T16:00:00.000Z,user_2mQ3Fl0N0I3UqBT9dQa8O9mxuIu
vef6t8w8x66k83plhimlw1k7d465jyhzaat5,9795.866686511687,2024-08-22T17:00:00.000Z,user_2mQ3Fl0N0I3UqBT9dQa8O9mxuIu
2lpixrkqlhuia4tialm9gvxdqyzvstk803js,9783.807153968914,2024-08-22T18:00:00.000Z,user_2mQ3Fl0N0I3UqBT9dQa8O9mxuIu
ojatbt39rfgqhyut6oiuvwudi14r5wjb2pbe,9780.73817879559,2024-08-22T19:00:00.000Z,user_2mQ3Fl0N0I3UqBT9dQa8O9mxuIu
g9q7khvqjm1rshu7m02zhcab4dfy5u7p6bhl,9928.719290101162,2024-08-23T13:00:00.000Z,user_2mQ3Fl0N0I3UqBT9dQa8O9mxuIu
mw5imzs5g4f6he6spvhzx03wxihsjbj8ovbw,9925.836198339985,2024-08-23T14:00:00.000Z,user_2mQ3Fl0N0I3UqBT9dQa8O9mxuIu
dbn485j0abgzbsic8mdjbhl8fu7hbq491j4s,9935.810222066764,2024-08-23T15:00:00.000Z,user_2mQ3Fl0N0I3UqBT9dQa8O9mxuIu
usj8878efu7r17rrirkov3b10j6f63qxcxva,9911.527720588692,2024-08-23T16:00:00.000Z,user_2mQ3Fl0N0I3UqBT9dQa8O9mxuIu
588f405q8921yrob6zhd61o65ahszu00bwt6,9941.553872911845,2024-08-23T17:00:00.000Z,user_2mQ3Fl0N0I3UqBT9dQa8O9mxuIu
1eubqy85pxa7xo2n9nzm2ij668pepnzqg5gd,9959.124896233954,2024-08-23T18:00:00.000Z,user_2mQ3Fl0N0I3UqBT9dQa8O9mxuIu
n0ndky2359irbckv07pc9knpv9pkw2eq8inv,9981.138432036558,2024-08-23T19:00:00.000Z,user_2mQ3Fl0N0I3UqBT9dQa8O9mxuIu
sh0kc4jf8er65npk0wyag7nvwdp1wq02hffu,9977.1015934418,2024-08-26T13:00:00.000Z,user_2mQ3Fl0N0I3UqBT9dQa8O9mxuIu
mi05uv7s9txzrwsz5ukcopjf3m11geqog13d,9929.343828843725,2024-08-26T14:00:00.000Z,user_2mQ3Fl0N0I3UqBT9dQa8O9mxuIu
b97etj606g0sycxb813wpf9864ijuqum2ygi,9920.791376352961,2024-08-26T15:00:00.000Z,user_2mQ3Fl0N0I3UqBT9dQa8O9mxuIu
n7s5f1cntquanaxzjq326olbldzot00as1u4,9934.564539477387,2024-08-26T16:00:00.000Z,user_2mQ3Fl0N0I3UqBT9dQa8O9mxuIu
kkqwetfr4w1xo9mgmp1ckdn72jl126pv7xpw,9890.98078039916,2024-08-26T17:00:00.000Z,user_2mQ3Fl0N0I3UqBT9dQa8O9mxuIu
5o4ozfd9gwqkmd4bdb12mruyrr3ft26v1ro7,9926.148726197785,2024-08-26T18:00:00.000Z,user_2mQ3Fl0N0I3UqBT9dQa8O9mxuIu
zts7zz21fy5poui9nl8lats5ck8lu1ifawhy,9909.621090266206,2024-08-26T19:00:00.000Z,user_2mQ3Fl0N0I3UqBT9dQa8O9mxuIu
52iejjpme0ubrks0bo50ca346mhw7z822k2s,9874.481745411838,2024-08-27T13:00:00.000Z,user_2mQ3Fl0N0I3UqBT9dQa8O9mxuIu
w3spr9h821hakktphuyiite56u9juz807535,9915.452276240978,2024-08-27T14:00:00.000Z,user_2mQ3Fl0N0I3UqBT9dQa8O9mxuIu
pmoxrkkme9wubnqb4d9vrrkabnv9ld1etrb0,9890.206701535672,2024-08-27T15:00:00.000Z,user_2mQ3Fl0N0I3UqBT9dQa8O9mxuIu
lifkxfc2owwjk4sujsws2l41936amcvd9er3,9891.553156754255,2024-08-27T16:00:00.000Z,user_2mQ3Fl0N0I3UqBT9dQa8O9mxuIu
ovq703dkbqf5pc7h5sebbng0tiatjy6xupat,9928.143645634143,2024-08-27T17:00:00.000Z,user_2mQ3Fl0N0I3UqBT9dQa8O9mxuIu
9i9aza3xvb93kt9yati6e1jrplqtb8blxw0a,9918.65142521065,2024-08-27T18:00:00.000Z,user_2mQ3Fl0N0I3UqBT9dQa8O9mxuIu
h0awwe4a71widmkdmzjkihwp0sq80av7tnz5,9920.905299551514,2024-08-27T19:00:00.000Z,user_2mQ3Fl0N0I3UqBT9dQa8O9mxuIu
2dbe4ijab5jh08i19su2yf6dviqruhmmqomd,9869.453008256005,2024-08-28T13:00:00.000Z,user_2mQ3Fl0N0I3UqBT9dQa8O9mxuIu
zd5nv5jungngizsrg614q3akwm58bx61gfbr,9788.419983750671,2024-08-28T14:00:00.000Z,user_2mQ3Fl0N0I3UqBT9dQa8O9mxuIu
2c59ml444z1ief64xupsw8q7i5g8q9zdsudc,9801.743147483914,2024-08-28T15:00:00.000Z,user_2mQ3Fl0N0I3UqBT9dQa8O9mxuIu
o0crrpjcnv26csvzry8gkten2n9xjrt546lu,9802.092382124334,2024-08-28T16:00:00.000Z,user_2mQ3Fl0N0I3UqBT9dQa8O9mxuIu
70u5115zc38pkphtlvzbp89ex9b88jjo2cdp,9721.311600345605,2024-08-28T17:00:00.000Z,user_2mQ3Fl0N0I3UqBT9dQa8O9mxuIu
oajkgek1p7x75mpxx0ufo2389qzjgz6ffu3j,9794.540949455606,2024-08-28T18:00:00.000Z,user_2mQ3Fl0N0I3UqBT9dQa8O9mxuIu
sfo83a7bdq843lnaf9s7k54uousqk61opfl8,9783.474113174747,2024-08-28T19:00:00.000Z,user_2mQ3Fl0N0I3UqBT9dQa8O9mxuIu
62ld7t7rd2x19vc12fzhh8mjrvx1x5l5bnfx,9776.761477426178,2024-08-29T13:00:00.000Z,user_2mQ3Fl0N0I3UqBT9dQa8O9mxuIu
djzeq4z12nynq8vbsj2uv3bldcaoo1tkq2vx,9717.360380380003,2024-08-29T14:00:00.000Z,user_2mQ3Fl0N0I3UqBT9dQa8O9mxuIu
vg4xgr77ghdjysomdnzvu9vnvdc4jeo1i6xe,9725.488919426185,2024-08-29T15:00:00.000Z,user_2mQ3Fl0N0I3UqBT9dQa8O9mxuIu
1vrvj9xv236tnel432xgomx2krahqf6vjtn0,9705.298621520838,2024-08-29T16:00:00.000Z,user_2mQ3Fl0N0I3UqBT9dQa8O9mxuIu
njs9ivz02ivnh6fhkojbwqdibky1ngee7o4m,9714.487018089803,2024-08-29T17:00:00.000Z,user_2mQ3Fl0N0I3UqBT9dQa8O9mxuIu
462mu1p3jmc4m5dht6jbnekhldmqg6u2q07z,9593.58626877351,2024-08-29T18:00:00.000Z,user_2mQ3Fl0N0I3UqBT9dQa8O9mxuIu
uiu8022d0r644tqn1c5et6k5g3vfm7i6ruh6,9584.424838730562,2024-08-29T19:00:00.000Z,user_2mQ3Fl0N0I3UqBT9dQa8O9mxuIu
i1yurwbokpn4b3btoxeg7r5pn8prghwj1e50,9678.766346697794,2024-08-30T13:00:00.000Z,user_2mQ3Fl0N0I3UqBT9dQa8O9mxuIu
pja9fv1c5n22ttbyosv1b9r5i0qw6ux534ys,9608.067029610316,2024-08-30T14:00:00.000Z,user_2mQ3Fl0N0I3UqBT9dQa8O9mxuIu
laxi7ws8j6bnm0kja2ho61p73r6ksfooa2qe,9591.808010999486,2024-08-30T15:00:00.000Z,user_2mQ3Fl0N0I3UqBT9dQa8O9mxuIu
kmjp1smend236dsp7d0f8ciyu5jyzahokpqd,9591.293702837838,2024-08-30T16:00:00.000Z,user_2mQ3Fl0N0I3UqBT9dQa8O9mxuIu
21y90wq0nqe24mhwty0cbulr3ug7nqj2l13m,9584.347967384945,2024-08-30T17:00:00.000Z,user_2mQ3Fl0N0I3UqBT9dQa8O9mxuIu
r43hctipcy2xo1mct95kv6t3k9xrq3e4kazw,9620.199514028438,2024-08-30T18:00:00.000Z,user_2mQ3Fl0N0I3UqBT9dQa8O9mxuIu
zz6gkwtfmc5zv1pnuw1z782hg90ff56s7yrv,9669.041566919303,2024-08-30T19:00:00.000Z,user_2mQ3Fl0N0I3UqBT9dQa8O9mxuIu
tifyuw6zlgp6pb1u2q7i60kdge9zkz81eyhb,0,2024-09-02T13:00:00.000Z,user_2mQ3Fl0N0I3UqBT9dQa8O9mxuIu
9zt2b8gmag8ba1agimubg65iqbc3ii1drlaa,0,2024-09-02T14:00:00.000Z,user_2mQ3Fl0N0I3UqBT9dQa8O9mxuIu
c23dztiiw5ouetgwortdct4sk7s12mxl7u4s,0,2024-09-02T15:00:00.000Z,user_2mQ3Fl0N0I3UqBT9dQa8O9mxuIu
7wlmfldnnrwc310p7p9sbowwmoh5uemqr2ny,0,2024-09-02T16:00:00.000Z,user_2mQ3Fl0N0I3UqBT9dQa8O9mxuIu
rulvqmvl0dihlihvnku8j5oldql6rzaf976l,0,2024-09-02T17:00:00.000Z,user_2mQ3Fl0N0I3UqBT9dQa8O9mxuIu
oot1tio912u8yv9lezoby1vqrqz2h1fj2wd9,0,2024-09-02T18:00:00.000Z,user_2mQ3Fl0N0I3UqBT9dQa8O9mxuIu
drtduqekkm00yhl3v8ut2x1paekdr6uyvhvt,0,2024-09-02T19:00:00.000Z,user_2mQ3Fl0N0I3UqBT9dQa8O9mxuIu
khdem8ecf34xhfus6waazs9uzzss53lyapou,9500.33652149753,2024-09-03T13:00:00.000Z,user_2mQ3Fl0N0I3UqBT9dQa8O9mxuIu
qvx9xh6te01pxxj0h42lqhhtu6wh0dm9wegf,9393.074456091019,2024-09-03T14:00:00.000Z,user_2mQ3Fl0N0I3UqBT9dQa8O9mxuIu
trm6bn0d2zn68ewo01vgvgrpyfafcoygii78,9395.67222948048,2024-09-03T15:00:00.000Z,user_2mQ3Fl0N0I3UqBT9dQa8O9mxuIu
s9tk9p8sok256l3ewcstmkwklcjlyx0s94ew,9373.229825721486,2024-09-03T16:00:00.000Z,user_2mQ3Fl0N0I3UqBT9dQa8O9mxuIu
r95kl5x3wvlif8tikk7018jphuawjkzdy8ob,9350.441916429769,2024-09-03T17:00:00.000Z,user_2mQ3Fl0N0I3UqBT9dQa8O9mxuIu
t88y0pe9culfl8raviz9hjnx6u2wguifynt6,9326.81581244398,2024-09-03T18:00:00.000Z,user_2mQ3Fl0N0I3UqBT9dQa8O9mxuIu
950k8qg1876p9xiqeakzarlsne046kt97w32,9300.930281858185,2024-09-03T19:00:00.000Z,user_2mQ3Fl0N0I3UqBT9dQa8O9mxuIu
cqjwg39tbno8vamyu93xrsqwol2fp37vxb65,9233.260081257928,2024-09-04T13:00:00.000Z,user_2mQ3Fl0N0I3UqBT9dQa8O9mxuIu
39f9h929t69855ipc3gpmuq0hb34kcmm3nxb,9341.622466634206,2024-09-04T14:00:00.000Z,user_2mQ3Fl0N0I3UqBT9dQa8O9mxuIu
wmwaytbdqm7jmnccpchyiu7uet9u6ipvojzw,9282.453871117348,2024-09-04T15:00:00.000Z,user_2mQ3Fl0N0I3UqBT9dQa8O9mxuIu
4z8i6k28b340nay162swbmy6ras0ag70vj9t,9307.032458909225,2024-09-04T16:00:00.000Z,user_2mQ3Fl0N0I3UqBT9dQa8O9mxuIu
436r0f7ajhasv0xvruuuzzjrdb9f7nmsh4ew,9279.850109915576,2024-09-04T17:00:00.000Z,user_2mQ3Fl0N0I3UqBT9dQa8O9mxuIu
lyubbk2osuju6hkufy5yn5l27ktmamyabfxv,9218.470666425354,2024-09-04T18:00:00.000Z,user_2mQ3Fl0N0I3UqBT9dQa8O9mxuIu
3ypltcs25zp72nct0lz96k2klsx893p6qg3l,9219.708952899817,2024-09-04T19:00:00.000Z,user_2mQ3Fl0N0I3UqBT9dQa8O9mxuIu
f2u2rafgts3b6dpicf17tljqvo6s72kefow9,9289.755322528643,2024-09-05T13:00:00.000Z,user_2mQ3Fl0N0I3UqBT9dQa8O9mxuIu
1axhaya8oueg38jfqqmlpo7es1yiqitv83gk,9229.146864566976,2024-09-05T14:00:00.000Z,user_2mQ3Fl0N0I3UqBT9dQa8O9mxuIu
a1bvmrvrbvccide8b9aqzwinuuifqteno15i,9176.3135965482,2024-09-05T15:00:00.000Z,user_2mQ3Fl0N0I3UqBT9dQa8O9mxuIu
h92ri3udpxd04jtcw1a0jqv1u7ty5gdcx98r,9204.249535757746,2024-09-05T16:00:00.000Z,user_2mQ3Fl0N0I3UqBT9dQa8O9mxuIu
cglupsvva29rqtjfhihh56so26yneqj5kref,9238.666842692666,2024-09-05T17:00:00.000Z,user_2mQ3Fl0N0I3UqBT9dQa8O9mxuIu
ib433st4mt2mpq1ahh0mbvbhxla63l704s4a,9228.130225666622,2024-09-05T18:00:00.000Z,user_2mQ3Fl0N0I3UqBT9dQa8O9mxuIu
0ab747m02yrbtqb2xhc0zv7xdz2rwx036u52,9213.512517279387,2024-09-05T19:00:00.000Z,user_2mQ3Fl0N0I3UqBT9dQa8O9mxuIu
wko8rqbzlge7311n79x2v9q6m0qker9d3wyj,9119.229639635327,2024-09-06T13:00:00.000Z,user_2mQ3Fl0N0I3UqBT9dQa8O9mxuIu
ubeud6x01zazkkscapro4az6ih5w7piwpn71,9023.811114278595,2024-09-06T14:00:00.000Z,user_2mQ3Fl0N0I3UqBT9dQa8O9mxuIu
hfspvqa7r7ndp5d3nz41sjsiwp5k3sd3asym,8979.75495351711,2024-09-06T15:00:00.000Z,user_2mQ3Fl0N0I3UqBT9dQa8O9mxuIu
f3qn5f63ft1k7xgbn4psnxagnjuapeqlzqi5,8972.28718340447,2024-09-06T16:00:00.000Z,user_2mQ3Fl0N0I3UqBT9dQa8O9mxuIu
c32eqkvtbc1wo246ox887i31fqfp15nxapme,9000.097117539288,2024-09-06T17:00:00.000Z,user_2mQ3Fl0N0I3UqBT9dQa8O9mxuIu
fjly6gll0wjdfsdux7uu5x9eh7cj4x4l9isg,9012.313287084926,2024-09-06T18:00:00.000Z,user_2mQ3Fl0N0I3UqBT9dQa8O9mxuIu
src8ivd1fcbrwi9m6a8rwrqbq57xi7e4uip7,9031.060886600564,2024-09-06T19:00:00.000Z,user_2mQ3Fl0N0I3UqBT9dQa8O9mxuIu
90cxagot9uq1iknxcnofghxf5eowre1uy4sc,9215.743720108989,2024-09-09T13:00:00.000Z,user_2mQ3Fl0N0I3UqBT9dQa8O9mxuIu
9i7r19y64qclo1yof3c6mtf4kq99ishh681f,9099.615673448992,2024-09-09T14:00:00.000Z,user_2mQ3Fl0N0I3UqBT9dQa8O9mxuIu
7kv0avxjkof0fg9gxvsundydmv35yxqovtkm,9173.770811759481,2024-09-09T15:00:00.000Z,user_2mQ3Fl0N0I3UqBT9dQa8O9mxuIu
mzxpjos7ygfs8zjvnjo7xzsjkk49vn9sdj1f,9212.85258926362,2024-09-09T16:00:00.000Z,user_2mQ3Fl0N0I3UqBT9dQa8O9mxuIu
xw06q1xnye56nequekyx6qqskgkzggvvmhtc,9146.05431076816,2024-09-09T17:00:00.000Z,user_2mQ3Fl0N0I3UqBT9dQa8O9mxuIu
2v8pgn007najb2bgcr793twcbhbnk8hmcoe0,9142.771321993363,2024-09-09T18:00:00.000Z,user_2mQ3Fl0N0I3UqBT9dQa8O9mxuIu
9ca8tax945yvks1c5r7k3sv7i7qfdc5n59fk,9197.511914093036,2024-09-09T19:00:00.000Z,user_2mQ3Fl0N0I3UqBT9dQa8O9mxuIu
hqavl20zolthg1jnmapevwmug63m79mxxrq3,9250.489252260966,2024-09-10T13:00:00.000Z,user_2mQ3Fl0N0I3UqBT9dQa8O9mxuIu
ncevhu495vl6twv13py67g21ii45sbc2ipfx,9209.696969962524,2024-09-10T14:00:00.000Z,user_2mQ3Fl0N0I3UqBT9dQa8O9mxuIu
zvxi8jmedhw1qxwb3kbmgjlcnrk5j9zg5hcn,9142.927708238054,2024-09-10T15:00:00.000Z,user_2mQ3Fl0N0I3UqBT9dQa8O9mxuIu
ryk2pusqx27lzuvxzzik9bfjv417d0iqz6ts,9184.924858860497,2024-09-10T16:00:00.000Z,user_2mQ3Fl0N0I3UqBT9dQa8O9mxuIu
bm564yez1qlku7gdhbrmmj0ki3oqgsbpgboe,9229.89207647026,2024-09-10T17:00:00.000Z,user_2mQ3Fl0N0I3UqBT9dQa8O9mxuIu
zit7t0xjgidxz0ij5nj1y1icewpefp57swsm,9251.346453773203,2024-09-10T18:00:00.000Z,user_2mQ3Fl0N0I3UqBT9dQa8O9mxuIu
96p2rkr2118trdb8t2ymtw4ir9t2kkez2bx7,9282.398440512135,2024-09-10T19:00:00.000Z,user_2mQ3Fl0N0I3UqBT9dQa8O9mxuIu
4wus1onvur7ee4jaymu3ltefjx81iiau3txw,9324.426105393157,2024-09-11T13:00:00.000Z,user_2mQ3Fl0N0I3UqBT9dQa8O9mxuIu
0dtz84t7jt9zt9472wrzup51g7zrld1ufxpw,9224.28943136793,2024-09-11T14:00:00.000Z,user_2mQ3Fl0N0I3UqBT9dQa8O9mxuIu
vlcse4zjvrmm7regal1xhq5xhcux5063iu7d,9357.428575190124,2024-09-11T15:00:00.000Z,user_2mQ3Fl0N0I3UqBT9dQa8O9mxuIu
54nnxafs86y83zx780xu4ayx90ojil9dzfsm,9420.405847657948,2024-09-11T16:00:00.000Z,user_2mQ3Fl0N0I3UqBT9dQa8O9mxuIu
f6v6y0hg4jd3nu46pzq1pqtyv6pftrcjahjt,9524.373316774503,2024-09-11T17:00:00.000Z,user_2mQ3Fl0N0I3UqBT9dQa8O9mxuIu
tlaiiwruxeu3p9s6y87v1wc5j1cq9pynijx4,9561.152754596886,2024-09-11T18:00:00.000Z,user_2mQ3Fl0N0I3UqBT9dQa8O9mxuIu
9fahqldf62fmmwsh2sdedk0wczbec9m9gg6x,9655.191732755502,2024-09-11T19:00:00.000Z,user_2mQ3Fl0N0I3UqBT9dQa8O9mxuIu
jkb16iltaoahg982lsptasj8t8etyey8ldbo,9714.36183783624,2024-09-12T13:00:00.000Z,user_2mQ3Fl0N0I3UqBT9dQa8O9mxuIu
lgaz7iwkuflqw2ss9lbqwp3fiktzp1djpx9c,9723.88398614838,2024-09-12T14:00:00.000Z,user_2mQ3Fl0N0I3UqBT9dQa8O9mxuIu
smq9vsnwcbjihlhgzu2t8qzrwdu5wgd83vvf,9701.273021972152,2024-09-12T15:00:00.000Z,user_2mQ3Fl0N0I3UqBT9dQa8O9mxuIu
upxibq3lxwnceg9m1e6y9jpa2ucdl2oaijgi,9776.845508007053,2024-09-12T16:00:00.000Z,user_2mQ3Fl0N0I3UqBT9dQa8O9mxuIu
itf98y5gaea1tw1aos9s5w1alfqx7909gkna,9841.512704607287,2024-09-12T17:00:00.000Z,user_2mQ3Fl0N0I3UqBT9dQa8O9mxuIu
x119dzv3zu4d99x3zfozws3h9qoj516wuy76,9829.938585397565,2024-09-12T18:00:00.000Z,user_2mQ3Fl0N0I3UqBT9dQa8O9mxuIu
y3gs5pqm7qh2dn7x0roqfmqqvr6mnjt4bsja,9798.929599477142,2024-09-12T19:00:00.000Z,user_2mQ3Fl0N0I3UqBT9dQa8O9mxuIu
vcektqbt7ojep00w4a0ulox2etopbyfbsghh,9781.605013078764,2024-09-13T13:00:00.000Z,user_2mQ3Fl0N0I3UqBT9dQa8O9mxuIu
vd8btj3rhjrcwsh5slrvtda3a9fodl3cazqk,9815.491335006727,2024-09-13T14:00:00.000Z,user_2mQ3Fl0N0I3UqBT9dQa8O9mxuIu
pcawl0b8wpovw0a34s81c9iakuljcqednqze,9818.89105704446,2024-09-13T15:00:00.000Z,user_2mQ3Fl0N0I3UqBT9dQa8O9mxuIu
m7vclj4d0fcwg5d08jwqq5wuc18ctddjag53,9812.267389067072,2024-09-13T16:00:00.000Z,user_2mQ3Fl0N0I3UqBT9dQa8O9mxuIu
oikukachuhwp5tud1o93mcxj8ailqine1jhv,9802.970223516371,2024-09-13T17:00:00.000Z,user_2mQ3Fl0N0I3UqBT9dQa8O9mxuIu
e83x0sb9jvxeagr5py03wxqjy4txwvovinrr,9786.592540020385,2024-09-13T18:00:00.000Z,user_2mQ3Fl0N0I3UqBT9dQa8O9mxuIu
6oddrrq9xlolj0tkfajrlwhew76e3lsan9nn,9784.510786900115,2024-09-13T19:00:00.000Z,user_2mQ3Fl0N0I3UqBT9dQa8O9mxuIu
j87a430qj7rxs6s7a3diwahkdglp0qnz07yn,9744.691930434388,2024-09-16T13:00:00.000Z,user_2mQ3Fl0N0I3UqBT9dQa8O9mxuIu
q6tc882cp4q3rptecx0skunfhqx7jz7tep1d,9695.532822165025,2024-09-16T14:00:00.000Z,user_2mQ3Fl0N0I3UqBT9dQa8O9mxuIu
1j9k2z0k4uercfj99miz9yw8vq25m03lppnj,9703.505757658164,2024-09-16T15:00:00.000Z,user_2mQ3Fl0N0I3UqBT9dQa8O9mxuIu
94kesuyhlz2fp1uvfrf4fwivcwufaa3opn7i,9707.13379391998,2024-09-16T16:00:00.000Z,user_2mQ3Fl0N0I3UqBT9dQa8O9mxuIu
0vmkwx8m55iwrh7715mhrbufubgkeb3ycdmx,9739.839942211915,2024-09-16T17:00:00.000Z,user_2mQ3Fl0N0I3UqBT9dQa8O9mxuIu
5igmjyiorhe71qfn76nlddpc2v7x963xxdvi,9715.212069910904,2024-09-16T18:00:00.000Z,user_2mQ3Fl0N0I3UqBT9dQa8O9mxuIu
mwterhdg5k0228yzjlziurrsxv20ksv4uorf,9724.457198236154,2024-09-16T19:00:00.000Z,user_2mQ3Fl0N0I3UqBT9dQa8O9mxuIu
fywfxsynxvamil4ddssqg6lx0siukbpstt9o,9769.573408004298,2024-09-17T13:00:00.000Z,user_2mQ3Fl0N0I3UqBT9dQa8O9mxuIu
9723bhko3nfk7gnb47yolryrwg8sy3769jft,9771.657868348668,2024-09-17T14:00:00.000Z,user_2mQ3Fl0N0I3UqBT9dQa8O9mxuIu
s2ycpjs73xl6uhv0bqzxp35dfhq0o8vog6rl,9758.706343823344,2024-09-17T15:00:00.000Z,user_2mQ3Fl0N0I3UqBT9dQa8O9mxuIu
oassc56fv5j1p169jh8e3culgf52eo18n14r,9688.890589073506,2024-09-17T16:00:00.000Z,user_2mQ3Fl0N0I3UqBT9dQa8O9mxuIu
6w1jktk222dui62yxdkenipqlnk22eb0k4bi,9677.816483321043,2024-09-17T17:00:00.000Z,user_2mQ3Fl0N0I3UqBT9dQa8O9mxuIu
tsugb2mvq7r20d6x4osu8s1k3dl838lq6t32,9656.386046842903,2024-09-17T18:00:00.000Z,user_2mQ3Fl0N0I3UqBT9dQa8O9mxuIu
xwja72kas3cu9p921lpzys46yp83zbx7v820,9664.940990655201,2024-09-17T19:00:00.000Z,user_2mQ3Fl0N0I3UqBT9dQa8O9mxuIu
odu5thqpbmd5k1s69s33jfkb00fg8ks7yx9j,9658.47155196642,2024-09-18T13:00:00.000Z,user_2mQ3Fl0N0I3UqBT9dQa8O9mxuIu
u1bdguzp4a5lrdxilulv4qxdzhoklkysnzsq,9627.730496984952,2024-09-18T14:00:00.000Z,user_2mQ3Fl0N0I3UqBT9dQa8O9mxuIu
txzpbxp7iuaxsn8aocq3mqgk4kvdhh5vvzy9,9558.621709592018,2024-09-18T15:00:00.000Z,user_2mQ3Fl0N0I3UqBT9dQa8O9mxuIu
nwqlmygmkiizjo186ofifztmm9c995ahl2oi,9632.519641637617,2024-09-18T16:00:00.000Z,user_2mQ3Fl0N0I3UqBT9dQa8O9mxuIu
jis0wfid39u3xlatne7a4v291pq1wpnnoxs0,9622.669474338814,2024-09-18T17:00:00.000Z,user_2mQ3Fl0N0I3UqBT9dQa8O9mxuIu
xsd0rgeawruq2cmnt8jnuk2jnir0qyxtx0o2,9666.068438796912,2024-09-18T18:00:00.000Z,user_2mQ3Fl0N0I3UqBT9dQa8O9mxuIu
ymcoseyg31olbhrgu4avgelhsbu1ldf5181c,9557.15552698087,2024-09-18T19:00:00.000Z,user_2mQ3Fl0N0I3UqBT9dQa8O9mxuIu
c5msy7y12rcms7mc780uma1u2cs8vhxjcyyx,9824.84204554354,2024-09-19T13:00:00.000Z,user_2mQ3Fl0N0I3UqBT9dQa8O9mxuIu
um484nj2ij780ze07n64a4wd0e82v3ro53la,9833.761625593766,2024-09-19T14:00:00.000Z,user_2mQ3Fl0N0I3UqBT9dQa8O9mxuIu
g8u2e0mccpvbborlhyb4rjdco24ik67odixe,9886.293396060028,2024-09-19T15:00:00.000Z,user_2mQ3Fl0N0I3UqBT9dQa8O9mxuIu
4fxpnsw7627dqwc5k213nhvmiu34b9mzb6j5,9917.023979314627,2024-09-19T16:00:00.000Z,user_2mQ3Fl0N0I3UqBT9dQa8O9mxuIu
io0nhab1gmb3bnl8o50oyd4qwm1id3t4uvad,9923.104859267229,2024-09-19T17:00:00.000Z,user_2mQ3Fl0N0I3UqBT9dQa8O9mxuIu
0vn24d52tn3pizyv5qqjk9mlom3yx406te8u,9903.983092924116,2024-09-19T18:00:00.000Z,user_2mQ3Fl0N0I3UqBT9dQa8O9mxuIu
pnpmz6ccelpxi94iob0imsogcisuj3mdf1ev,9892.61933232663,2024-09-19T19:00:00.000Z,user_2mQ3Fl0N0I3UqBT9dQa8O9mxuIu
f4rjbbnwg6dbmfr5zerjomf77nahv7m12as5,9889.585578260532,2024-09-20T13:00:00.000Z,user_2mQ3Fl0N0I3UqBT9dQa8O9mxuIu
0ljbt8vovu39rfy52jty3gzrppdbojx5od8v,9824.635365910768,2024-09-20T14:00:00.000Z,user_2mQ3Fl0N0I3UqBT9dQa8O9mxuIu
fb2mekqb1f51r1bz2iwdte0r5rlqxagtz28b,9835.456465005434,2024-09-20T15:00:00.000Z,user_2mQ3Fl0N0I3UqBT9dQa8O9mxuIu
v6mih0olbqv8xjizxf21xl6hpmzscr52ddye,9864.205547505198,2024-09-20T16:00:00.000Z,user_2mQ3Fl0N0I3UqBT9dQa8O9mxuIu
1jazvh6kdsf0nqqm1jpzrdrowku5mb9o5wkw,9849.491984481114,2024-09-20T17:00:00.000Z,user_2mQ3Fl0N0I3UqBT9dQa8O9mxuIu
jurctsyc4xljl8ktu7b14659w9ocge64k8nx,9853.105733856273,2024-09-20T18:00:00.000Z,user_2mQ3Fl0N0I3UqBT9dQa8O9mxuIu
8pozmdxgcodiyu0a22qj7ajvc4ov5ixm5fa9,9873.707477628303,2024-09-20T19:00:00.000Z,user_2mQ3Fl0N0I3UqBT9dQa8O9mxuIu
